{"cameraMode":{"drawMode":0,"name":"Shaded","section":"Shading Mode"},"sceneLighting":false,"audioPlay":false,"sceneViewState":{"showFog":true,"showMaterialUpdate":false,"showSkybox":true,"showFlares":true,"showImageEffects":true,"showParticleSystems":true},"in2DMode":false,"pivot":{"x":5.809999942779541,"y":0.0,"z":-2.9210000038146974},"rotation":{"x":-0.09865545481443405,"y":-0.18106183409690858,"z":0.01825813390314579,"w":-0.9783406853675842},"size":1.4477158784866334,"orthographic":true}