{"cameraMode":{"drawMode":0,"name":"Shaded","section":"Shading Mode"},"sceneLighting":false,"audioPlay":false,"sceneViewState":{"showFog":true,"showMaterialUpdate":false,"showSkybox":true,"showFlares":true,"showImageEffects":true,"showParticleSystems":true},"in2DMode":false,"pivot":{"x":-0.10000002384185791,"y":0.0,"z":-13.710000038146973},"rotation":{"x":-0.1236148327589035,"y":0.2745359241962433,"z":-0.03561290726065636,"w":-0.9529329538345337},"size":1.1605920791625977,"orthographic":true}