{"cameraMode":{"drawMode":0,"name":"Shaded","section":"Shading Mode"},"sceneLighting":false,"audioPlay":false,"sceneViewState":{"showFog":true,"showMaterialUpdate":false,"showSkybox":true,"showFlares":true,"showImageEffects":true,"showParticleSystems":true},"in2DMode":false,"pivot":{"x":7.369999885559082,"y":0.0,"z":-2.9210000038146974},"rotation":{"x":-0.023966507986187936,"y":0.05096319690346718,"z":-0.0012233457528054715,"w":-0.9984121918678284},"size":3.2668330669403078,"orthographic":true}